{
    "name": "root",
    "gauges": {
        "Paddle.Policy.Entropy.mean": {
            "value": 1.394628643989563,
            "min": 1.3946170806884766,
            "max": 1.4073810577392578,
            "count": 298
        },
        "Paddle.Environment.EpisodeLength.mean": {
            "value": 0.9875776397515528,
            "min": 0.3776595744680851,
            "max": 1.3970037453183521,
            "count": 298
        },
        "Paddle.Policy.ExtrinsicValueEstimate.mean": {
            "value": 0.03729953244328499,
            "min": -0.09190250188112259,
            "max": 0.045006126165390015,
            "count": 298
        },
        "Paddle.Environment.CumulativeReward.mean": {
            "value": 0.14161491020357017,
            "min": 0.07137096935622794,
            "max": 0.1773408284682906,
            "count": 298
        },
        "Paddle.Policy.ExtrinsicReward.mean": {
            "value": 0.14161491020357017,
            "min": 0.07137096935622794,
            "max": 0.1773408284682906,
            "count": 298
        },
        "Paddle.IsTraining.mean": {
            "value": 1.0,
            "min": 1.0,
            "max": 1.0,
            "count": 298
        },
        "Paddle.Losses.PolicyLoss.mean": {
            "value": 0.016936645835327606,
            "min": 0.01152643576885263,
            "max": 0.03390610637143254,
            "count": 144
        },
        "Paddle.Losses.ValueLoss.mean": {
            "value": 0.002122869691811502,
            "min": 0.0007854510952408115,
            "max": 0.20326853953301907,
            "count": 144
        },
        "Paddle.Policy.LearningRate.mean": {
            "value": 1.1504196165600049e-06,
            "min": 1.1504196165600049e-06,
            "max": 0.00017711404096200007,
            "count": 144
        },
        "Paddle.Policy.Epsilon.mean": {
            "value": 0.10038343999999998,
            "min": 0.10038343999999998,
            "max": 0.15903799999999996,
            "count": 144
        },
        "Paddle.Policy.Beta.mean": {
            "value": 2.913365600000008e-05,
            "min": 2.913365600000008e-05,
            "max": 0.002955996200000001,
            "count": 144
        }
    },
    "metadata": {
        "timer_format_version": "0.1.0",
        "start_time_seconds": "1613615764",
        "python_version": "3.7.9 (default, Aug 31 2020, 17:10:11) [MSC v.1916 64 bit (AMD64)]",
        "command_line_arguments": "C:\\Users\\Chase General\\.conda\\envs\\ml-agents\\Scripts\\mlagents-learn ./trainer_config_bo.yaml --run-id CM_01-config_bo --resume",
        "mlagents_version": "0.23.0",
        "mlagents_envs_version": "0.23.0",
        "communication_protocol_version": "1.3.0",
        "pytorch_version": "1.7.1",
        "numpy_version": "1.19.2",
        "end_time_seconds": "1613619137"
    },
    "total": 3372.7190937,
    "count": 1,
    "self": 0.01789599999983693,
    "children": {
        "run_training.setup": {
            "total": 0.01390939999999996,
            "count": 1,
            "self": 0.01390939999999996
        },
        "TrainerController.start_learning": {
            "total": 3372.6872883,
            "count": 1,
            "self": 7.970564800032662,
            "children": {
                "TrainerController._reset_env": {
                    "total": 13.1880305,
                    "count": 1,
                    "self": 13.1880305
                },
                "TrainerController.advance": {
                    "total": 3351.4603155999675,
                    "count": 283990,
                    "self": 4.52897000004441,
                    "children": {
                        "env_step": {
                            "total": 3346.931345599923,
                            "count": 283990,
                            "self": 2776.392641800131,
                            "children": {
                                "SubprocessEnvManager._take_step": {
                                    "total": 566.2728392999082,
                                    "count": 283990,
                                    "self": 15.758991900001888,
                                    "children": {
                                        "TorchPolicy.evaluate": {
                                            "total": 550.5138473999064,
                                            "count": 185861,
                                            "self": 209.15670309985802,
                                            "children": {
                                                "TorchPolicy.sample_actions": {
                                                    "total": 341.35714430004833,
                                                    "count": 185861,
                                                    "self": 341.35714430004833
                                                }
                                            }
                                        }
                                    }
                                },
                                "workers": {
                                    "total": 4.265864499883653,
                                    "count": 283990,
                                    "self": 0.0,
                                    "children": {
                                        "worker_root": {
                                            "total": 3355.5622453999395,
                                            "count": 283990,
                                            "is_parallel": true,
                                            "self": 1109.339627099842,
                                            "children": {
                                                "steps_from_proto": {
                                                    "total": 0.002715800000000712,
                                                    "count": 1,
                                                    "is_parallel": true,
                                                    "self": 0.00013899999999900103,
                                                    "children": {
                                                        "_process_vector_observation": {
                                                            "total": 0.002576800000001711,
                                                            "count": 2,
                                                            "is_parallel": true,
                                                            "self": 0.002576800000001711
                                                        }
                                                    }
                                                },
                                                "UnityEnvironment.step": {
                                                    "total": 2246.2199025000978,
                                                    "count": 283990,
                                                    "is_parallel": true,
                                                    "self": 36.4556395003483,
                                                    "children": {
                                                        "UnityEnvironment._generate_step_input": {
                                                            "total": 58.61483349993738,
                                                            "count": 283990,
                                                            "is_parallel": true,
                                                            "self": 58.61483349993738
                                                        },
                                                        "communicator.exchange": {
                                                            "total": 2060.860198899919,
                                                            "count": 283990,
                                                            "is_parallel": true,