{
    "name": "root",
    "gauges": {
        "Paddle.Policy.Entropy.mean": {
            "value": 1.4170567989349365,
            "min": 1.4170567989349365,
            "max": 1.4189382791519165,
            "count": 3
        },
        "Paddle.Environment.EpisodeLength.mean": {
            "value": 13.079772079772079,
            "min": 13.007002801120448,
            "max": 14.401538461538461,
            "count": 3
        },
        "Paddle.Policy.ExtrinsicValueEstimate.mean": {
            "value": -0.2926621437072754,
            "min": -0.2926621437072754,
            "max": -0.16644856333732605,
            "count": 3
        },
        "Paddle.Environment.CumulativeReward.mean": {
            "value": -0.5866287383509224,
            "min": -0.6014025303708889,
            "max": -0.5793846205106148,
            "count": 3
        },
        "Paddle.Policy.ExtrinsicReward.mean": {
            "value": -0.5866287383509224,
            "min": -0.6014025303708889,
            "max": -0.5793846205106148,
            "count": 3
        },
        "Paddle.IsTraining.mean": {
            "value": 1.0,
            "min": 1.0,
            "max": 1.0,
            "count": 3
        },
        "Paddle.Losses.PolicyLoss.mean": {
            "value": 0.020092825250079233,
            "min": 0.020092825250079233,
            "max": 0.020092825250079233,
            "count": 1
        },
        "Paddle.Losses.ValueLoss.mean": {
            "value": 0.22542097518841425,
            "min": 0.22542097518841425,
            "max": 0.22542097518841425,
            "count": 1
        },
        "Paddle.Policy.LearningRate.mean": {
            "value": 0.00029877084040971986,
            "min": 0.00029877084040971986,
            "max": 0.00029877084040971986,
            "count": 1
        },
        "Paddle.Policy.Epsilon.mean": {
            "value": 0.19959027999999995,
            "min": 0.19959027999999995,
            "max": 0.19959027999999995,
            "count": 1
        },
        "Paddle.Policy.Beta.mean": {
            "value": 0.004979554972000001,
            "min": 0.004979554972000001,
            "max": 0.004979554972000001,
            "count": 1
        }
    },
    "metadata": {
        "timer_format_version": "0.1.0",
        "start_time_seconds": "1612836619",
        "python_version": "3.7.9 (default, Aug 31 2020, 17:10:11) [MSC v.1916 64 bit (AMD64)]",
        "command_line_arguments": "C:\\Users\\Chase General\\.conda\\envs\\ml-agents\\Scripts\\mlagents-learn ./trainer_config_bo.yaml --run-id CM_05",
        "mlagents_version": "0.23.0",
        "mlagents_envs_version": "0.23.0",
        "communication_protocol_version": "1.3.0",
        "pytorch_version": "1.7.1",
        "numpy_version": "1.19.2",
        "end_time_seconds": "1612837020"
    },
    "total": 400.89917099999997,
    "count": 1,
    "self": 0.010316099999897688,
    "children": {
        "run_training.setup": {
            "total": 0.017323699999999942,
            "count": 1,
            "self": 0.017323699999999942
        },
        "TrainerController.start_learning": {
            "total": 400.87153120000005,
            "count": 1,
            "self": 1.141965599995956,
            "children": {
                "TrainerController._reset_env": {
                    "total": 11.3852238,
                    "count": 1,
                    "self": 11.3852238
                },
                "TrainerController.advance": {
                    "total": 388.11285020000406,
                    "count": 41964,
                    "self": 0.6236660000010943,
                    "children": {
                        "env_step": {
                            "total": 387.48918420000297,
                            "count": 41964,
                            "self": 304.95773180000646,
                            "children": {
                                "SubprocessEnvManager._take_step": {
                                    "total": 81.9390482999954,
                                    "count": 41964,
                                    "self": 2.6661134999955323,
                                    "children": {
                                        "TorchPolicy.evaluate": {
                                            "total": 79.27293479999987,
                                            "count": 39421,
                                            "self": 35.906944699991904,
                                            "children": {
                                                "TorchPolicy.sample_actions": {
                                                    "total": 43.36599010000797,
                                                    "count": 39421,
                                                    "self": 43.36599010000797
                                                }
                                            }
                                        }
                                    }
                                },
                                "workers": {
                                    "total": 0.592404100001124,
                                    "count": 41963,
                                    "self": 0.0,
                                    "children": {
                                        "worker_root": {
                                            "total": 393.08838519999824,
                                            "count": 41963,
                                            "is_parallel": true,
                                            "self": 129.8802328999983,
                                            "children": {
                                                "steps_from_proto": {
                                                    "total": 0.0003031000000000006,
                                                    "count": 1,
                                                    "is_parallel": true,
                                                    "self": 9.090000000089304e-05,
                                                    "children": {
                                                        "_process_vector_observation": {
                                                            "total": 0.00021219999999910755,
                                                            "count": 4,
                                                            "is_parallel": true,
                                                            "self": 0.00021219999999910755
                                                        }
                                                    }
                                                },
                                                "UnityEnvironment.step": {
                                                    "total": 263.20784919999994,
                                                    "count": 41963,
                                                    "is_parallel": true,
                                                    "self": 4.048339100002011,
                                                    "children": {
                                                        "UnityEnvironment._generate_step_input": {
                                                            "total": 3.048441600000519,
                                                            "count": 41963,
                                                            "is_parallel": true,
                                                            "self": 3.048441600000519
                                                        },
                                                        "communicator.exchange": {
                                                            "total": 244.4709810999987,
                                                            "count": 41963,
                                                            "is_parallel": true,