{
    "name": "root",
    "gauges": {
        "Paddle.Policy.Entropy.mean": {
            "value": 1.4189382791519165,
            "min": 1.4189382791519165,
            "max": 1.4189382791519165,
            "count": 1
        },
        "Paddle.Environment.EpisodeLength.mean": {
            "value": 11.943152454780362,
            "min": 11.943152454780362,
            "max": 11.943152454780362,
            "count": 1
        },
        "Paddle.Policy.ExtrinsicValueEstimate.mean": {
            "value": -0.033987753093242645,
            "min": -0.033987753093242645,
            "max": -0.033987753093242645,
            "count": 1
        },
        "Paddle.Environment.CumulativeReward.mean": {
            "value": -0.8095730712389113,
            "min": -0.8095730712389113,
            "max": -0.8095730712389113,
            "count": 1
        },
        "Paddle.Policy.ExtrinsicReward.mean": {
            "value": -0.8095730712389113,
            "min": -0.8095730712389113,
            "max": -0.8095730712389113,
            "count": 1
        },
        "Paddle.IsTraining.mean": {
            "value": 1.0,
            "min": 1.0,
            "max": 1.0,
            "count": 1
        }
    },
    "metadata": {
        "timer_format_version": "0.1.0",
        "start_time_seconds": "1612836388",
        "python_version": "3.7.9 (default, Aug 31 2020, 17:10:11) [MSC v.1916 64 bit (AMD64)]",
        "command_line_arguments": "C:\\Users\\Chase General\\.conda\\envs\\ml-agents\\Scripts\\mlagents-learn ./trainer_config_bo.yaml --run-id CM_04",
        "mlagents_version": "0.23.0",
        "mlagents_envs_version": "0.23.0",
        "communication_protocol_version": "1.3.0",
        "pytorch_version": "1.7.1",
        "numpy_version": "1.19.2",
        "end_time_seconds": "1612836509"
    },
    "total": 121.1797751,
    "count": 1,
    "self": 0.010535299999986592,
    "children": {
        "run_training.setup": {
            "total": 0.013060399999999639,
            "count": 1,
            "self": 0.013060399999999639
        },
        "TrainerController.start_learning": {
            "total": 121.15617940000001,
            "count": 1,
            "self": 0.32193880000009756,
            "children": {
                "TrainerController._reset_env": {
                    "total": 10.4910556,
                    "count": 1,
                    "self": 10.4910556
                },
                "TrainerController.advance": {
                    "total": 110.12709969999992,
                    "count": 12422,
                    "self": 0.17525969999981328,
                    "children": {
                        "env_step": {
                            "total": 109.9518400000001,
                            "count": 12422,
                            "self": 86.23472719999843,
                            "children": {
                                "SubprocessEnvManager._take_step": {
                                    "total": 23.548904000000643,
                                    "count": 12422,
                                    "self": 0.7429704000011021,
                                    "children": {
                                        "TorchPolicy.evaluate": {
                                            "total": 22.80593359999954,
                                            "count": 11594,
                                            "self": 10.223113500000045,
                                            "children": {
                                                "TorchPolicy.sample_actions": {
                                                    "total": 12.582820099999497,
                                                    "count": 11594,
                                                    "self": 12.582820099999497
                                                }
                                            }
                                        }
                                    }
                                },
                                "workers": {
                                    "total": 0.16820880000102534,
                                    "count": 12421,
                                    "self": 0.0,
                                    "children": {
                                        "worker_root": {
                                            "total": 115.06917480000074,
                                            "count": 12421,
                                            "is_parallel": true,
                                            "self": 40.54109150000035,
                                            "children": {
                                                "steps_from_proto": {
                                                    "total": 0.009380900000000025,
                                                    "count": 1,
                                                    "is_parallel": true,
                                                    "self": 0.00011229999999873286,
                                                    "children": {
                                                        "_process_vector_observation": {
                                                            "total": 0.009268600000001292,
                                                            "count": 4,
                                                            "is_parallel": true,
                                                            "self": 0.009268600000001292
                                                        }
                                                    }
                                                },
                                                "UnityEnvironment.step": {
                                                    "total": 74.5187024000004,
                                                    "count": 12421,
                                                    "is_parallel": true,
                                                    "self": 1.1424803000002726,
                                                    "children": {
                                                        "UnityEnvironment._generate_step_input": {
                                                            "total": 0.8625338999999013,
                                                            "count": 12421,
                                                            "is_parallel": true,
                                                            "self": 0.8625338999999013
                                                        },
                                                        "communicator.exchange": {
                                                            "total": 69.24365639999988,
                                                            "count": 12421,
                                                            "is_parallel": true,
                                                            "self": 69.24365639999988
                                                        },
                                                        "steps_from_proto": {
                                                            "total": 3.2700318000003428,
                                                            "count": 12421,
                                                            "is_parallel": true,
                                                            "self": 1.2154833000014484,
                                                            "children": {
                                                                "_process_vector_observation": {
                                                                    "total": 2.0545484999988943,
                                                                    "count": 49684,
                                                                    "is_parallel": true,