{"count":1,"self":10.3922688,"total":10.5278375,"children":{"AgentSendState":{"count":261,"self":0.0100109,"total":0.015004499999999999,"children":{"CollectObservations":{"count":159,"self":0.0020017999999999998,"total":0.0020017999999999998,"children":null},"CollectDiscreteActionMasks":{"count":159,"self":0.0029917999999999998,"total":0.0029917999999999998,"children":null}}},"DecideAction":{"count":261,"self":0.11310709999999999,"total":0.11310709999999999,"children":null},"AgentAct":{"count":261,"self":0.0062911999999999994,"total":0.0062911999999999994,"children":null}},"gauges":{},"metadata":{"timer_format_version":"0.1.0","start_time_seconds":"1612570833","unity_version":"2019.4.18f1","command_line_arguments":"C:\\Program Files\\Unity\\Hub\\Editor\\2019.4.18f1\\Editor\\Unity.exe -projectpath C:\/Code\/ml-breakout -useHub -hubIPC -cloudEnvironment production -hubSessionId d8c0dbf0-65a1-11eb-9ad7-bb3d1eb99f22 -accessToken _eZyaZaHxzIVvQP96diN0XCCNv_3IR8p0bl3DM0Wr9g012f","communication_protocol_version":"1.0.0","com.unity.ml-agents_version":"1.0.6","scene_name":"Training_Multi","end_time_seconds":"1612570843"}}