{"count":1,"self":24.505432,"total":35.3303264,"children":{"AgentSendState":{"count":33584,"self":0.49765099999999995,"total":0.6557682,"children":{"CollectObservations":{"count":2624,"self":0.0290236,"total":0.0290236,"children":null},"CollectDiscreteActionMasks":{"count":2624,"self":0.018017,"total":0.018017,"children":null},"AgentInfo.ToProto":{"count":2624,"self":0.061028599999999995,"total":0.1110766,"children":{"GenerateSensorData":{"count":2624,"self":0.050047999999999995,"total":0.050047999999999995,"children":null}}}}},"DecideAction":{"count":33584,"self":9.8462816,"total":9.8462816,"children":null},"AgentAct":{"count":33584,"self":0.31282519999999997,"total":0.31282519999999997,"children":null},"AgentInfo.ToProto":{"count":168,"self":0.0050149999999999995,"total":0.0090178999999999988,"children":{"GenerateSensorData":{"count":168,"self":0.0040029,"total":0.0040029,"children":null}}}},"gauges":{"Paddle.CumulativeReward":{"count":167,"max":2.10000014,"min":-1,"runningAverage":-0.788024247,"value":2.10000014,"weightedAverage":-0.125906825}},"metadata":{"timer_format_version":"0.1.0","start_time_seconds":"1612050762","unity_version":"2019.4.18f1","command_line_arguments":"C:\\Program Files\\Unity\\Hub\\Editor\\2019.4.18f1\\Editor\\Unity.exe -projectpath C:\/Code\/ml-breakout -useHub -hubIPC -cloudEnvironment production -hubSessionId aaa58c80-59de-11eb-8c2e-f16fbcce7d18 -accessToken y-TfwCj3432H4VDjDZGLGTrjTSJOzGKpy31XXAa6LDw012f","communication_protocol_version":"1.0.0","com.unity.ml-agents_version":"1.0.6","scene_name":"Win Screen","end_time_seconds":"1612050797"}}