{
    "name": "root",
    "metadata": {
        "timer_format_version": "0.1.0",
        "start_time_seconds": "1613344506",
        "python_version": "3.7.9 (default, Aug 31 2020, 17:10:11) [MSC v.1916 64 bit (AMD64)]",
        "command_line_arguments": "C:\\Users\\frann\\anaconda3\\envs\\mlagents_training\\Scripts\\mlagents-learn ./Assets/TrainerConfig/trainer_config_bo.yaml --run-id=test2",
        "mlagents_version": "0.23.0",
        "mlagents_envs_version": "0.23.0",
        "communication_protocol_version": "1.3.0",
        "pytorch_version": "1.7.1",
        "numpy_version": "1.18.5",
        "end_time_seconds": "1613344521"
    },
    "total": 14.7872451,
    "count": 1,
    "self": 0.0067085000000020045,
    "children": {
        "run_training.setup": {
            "total": 0.011990299999999898,
            "count": 1,
            "self": 0.011990299999999898
        },
        "TrainerController.start_learning": {
            "total": 14.768546299999999,
            "count": 1,
            "self": 0.01575950000000148,
            "children": {
                "TrainerController._reset_env": {
                    "total": 4.1674719,
                    "count": 1,
                    "self": 4.1674719
                },
                "TrainerController.advance": {
                    "total": 10.4334639,
                    "count": 4,
                    "self": 6.390000000067175e-05,
                    "children": {
                        "env_step": {
                            "total": 10.433399999999999,
                            "count": 4,
                            "self": 10.399338199999999,
                            "children": {
                                "SubprocessEnvManager._take_step": {
                                    "total": 0.034006699999999945,
                                    "count": 4,
                                    "self": 0.0003204000000005536,
                                    "children": {
                                        "TorchPolicy.evaluate": {
                                            "total": 0.03368629999999939,
                                            "count": 4,
                                            "self": 0.0035124999999993634,
                                            "children": {
                                                "TorchPolicy.sample_actions": {
                                                    "total": 0.03017380000000003,
                                                    "count": 4,
                                                    "self": 0.03017380000000003
                                                }
                                            }
                                        }
                                    }
                                },
                                "workers": {
                                    "total": 5.5099999999974614e-05,
                                    "count": 3,
                                    "self": 0.0,
                                    "children": {
                                        "worker_root": {
                                            "total": 0.20403539999999865,
                                            "count": 3,
                                            "is_parallel": true,
                                            "self": 0.1317587999999983,
                                            "children": {
                                                "steps_from_proto": {
                                                    "total": 0.000967499999999788,
                                                    "count": 1,
                                                    "is_parallel": true,
                                                    "self": 0.00012260000000008375,
                                                    "children": {
                                                        "_process_vector_observation": {
                                                            "total": 0.0008448999999997042,
                                                            "count": 2,
                                                            "is_parallel": true,
                                                            "self": 0.0008448999999997042
                                                        }
                                                    }
                                                },
                                                "UnityEnvironment.step": {
                                                    "total": 0.07130910000000057,
                                                    "count": 3,
                                                    "is_parallel": true,
                                                    "self": 0.0004438999999996085,
                                                    "children": {
                                                        "UnityEnvironment._generate_step_input": {
                                                            "total": 0.0012734999999999275,
                                                            "count": 3,
                                                            "is_parallel": true,
                                                            "self": 0.0012734999999999275
                                                        },
                                                        "communicator.exchange": {
                                                            "total": 0.06850160000000116,
                                                            "count": 3,
                                                            "is_parallel": true,
                                                            "self": 0.06850160000000116
                                                        },
                                                        "steps_from_proto": {
                                                            "total": 0.0010900999999998717,
                                                            "count": 3,
                                                            "is_parallel": true,
                                                            "self": 0.0003321999999998937,
                                                            "children": {
                                                                "_process_vector_observation": {
                                                                    "total": 0.000757899999999978,
                                                                    "count": 6,
                                                                    "is_parallel": true,
                                                                    "self": 0.000757899999999978
                                                                }
                                                            }
                                                        }
                                                    }
                                                }
                                            }
                                        }
                                    }
                                }
                            }
                        }
                    }
                },
                "trainer_threads": {
                    "total": 2.6999999999333113e-05,
                    "count": 1,
                    "self": 2.6999999999333113e-05,
                    "children": {
                        "thread_root": {
                            "total": 0.0,
                            "count": 0,
                            "is_parallel": true,
                            "self": 0.0,
                            "children": {
                                "trainer_advance": {
                                    "total": 10.431365200000007,