{
    "name": "root",
    "gauges": {
        "Paddle.Policy.Entropy.mean": {
            "value": 1.412819504737854,
            "min": 1.4126321077346802,
            "max": 1.422891616821289,
            "count": 500
        },
        "Paddle.Environment.EpisodeLength.mean": {
            "value": 0.9452887537993921,
            "min": 0.19626168224299065,
            "max": 1.4692307692307693,
            "count": 500
        },
        "Paddle.Policy.ExtrinsicValueEstimate.mean": {
            "value": -12.021924018859863,
            "min": -12.981260299682617,
            "max": -0.0713842436671257,
            "count": 500
        },
        "Paddle.Environment.CumulativeReward.mean": {
            "value": -41.14893625137654,
            "min": -44.934018796403834,
            "max": -35.71886135250648,
            "count": 500
        },
        "Paddle.Policy.ExtrinsicReward.mean": {
            "value": -41.14893625137654,
            "min": -44.934018796403834,
            "max": -35.71886135250648,
            "count": 500
        },
        "Paddle.IsTraining.mean": {
            "value": 1.0,
            "min": 1.0,
            "max": 1.0,
            "count": 500
        },
        "Paddle.Losses.PolicyLoss.mean": {
            "value": 0.013154406426474452,
            "min": 0.01008730298684289,
            "max": 0.0236496327444911,
            "count": 243
        },
        "Paddle.Losses.ValueLoss.mean": {
            "value": 59.8622241973877,
            "min": 51.19623146057129,
            "max": 121.11730575561523,
            "count": 243
        },
        "Paddle.Policy.LearningRate.mean": {
            "value": 1.031439656220014e-06,
            "min": 1.031439656220014e-06,
            "max": 0.00029877078040974005,
            "count": 243
        },
        "Paddle.Policy.Epsilon.mean": {
            "value": 0.10034378000000005,
            "min": 0.10034378000000005,
            "max": 0.19959026,
            "count": 243
        },
        "Paddle.Policy.Beta.mean": {
            "value": 2.715462200000024e-05,
            "min": 2.715462200000024e-05,
            "max": 0.004979553973999999,
            "count": 243
        }
    },
    "metadata": {
        "timer_format_version": "0.1.0",
        "start_time_seconds": "1613655636",
        "python_version": "3.7.9 (default, Aug 31 2020, 17:10:11) [MSC v.1916 64 bit (AMD64)]",
        "command_line_arguments": "C:\\Users\\Chase General\\.conda\\envs\\ml-agents\\Scripts\\mlagents-learn ./trainer_config_bo.yaml --run-id CM_03-config_bo",
        "mlagents_version": "0.23.0",
        "mlagents_envs_version": "0.23.0",
        "communication_protocol_version": "1.3.0",
        "pytorch_version": "1.7.1",
        "numpy_version": "1.19.2",
        "end_time_seconds": "1613661285"
    },
    "total": 5649.5622748,
    "count": 1,
    "self": 0.017603799999960756,
    "children": {
        "run_training.setup": {
            "total": 0.008417499999999967,
            "count": 1,
            "self": 0.008417499999999967
        },
        "TrainerController.start_learning": {
            "total": 5649.5362534999995,
            "count": 1,
            "self": 13.449644800018177,
            "children": {
                "TrainerController._reset_env": {
                    "total": 8.2399092,
                    "count": 1,
                    "self": 8.2399092
                },
                "TrainerController.advance": {
                    "total": 5627.784256199981,
                    "count": 482853,
                    "self": 7.252906199803874,
                    "children": {
                        "env_step": {
                            "total": 5620.531350000178,
                            "count": 482853,
                            "self": 4677.305544000116,
                            "children": {
                                "SubprocessEnvManager._take_step": {
                                    "total": 936.1017287001364,
                                    "count": 482853,
                                    "self": 26.587623200179223,
                                    "children": {
                                        "TorchPolicy.evaluate": {
                                            "total": 909.5141054999572,
                                            "count": 312582,
                                            "self": 347.65336220007396,
                                            "children": {
                                                "TorchPolicy.sample_actions": {
                                                    "total": 561.8607432998832,
                                                    "count": 312582,
                                                    "self": 561.8607432998832
                                                }
                                            }
                                        }
                                    }
                                },
                                "workers": {
                                    "total": 7.124077299924831,
                                    "count": 482853,
                                    "self": 0.0,
                                    "children": {
                                        "worker_root": {
                                            "total": 5629.621889799777,
                                            "count": 482853,
                                            "is_parallel": true,
                                            "self": 1868.913996199769,
                                            "children": {
                                                "steps_from_proto": {
                                                    "total": 0.0007966000000001472,
                                                    "count": 1,
                                                    "is_parallel": true,
                                                    "self": 0.0001566000000003953,
                                                    "children": {
                                                        "_process_vector_observation": {
                                                            "total": 0.0006399999999997519,
                                                            "count": 2,
                                                            "is_parallel": true,
                                                            "self": 0.0006399999999997519
                                                        }
                                                    }
                                                },
                                                "UnityEnvironment.step": {
                                                    "total": 3760.707097000008,
                                                    "count": 482853,
                                                    "is_parallel": true,
                                                    "self": 62.23273530022152,
                                                    "children": {
                                                        "UnityEnvironment._generate_step_input": {
                                                            "total": 97.36182809990464,
                                                            "count": 482853,
                                                            "is_parallel": true,
                                                            "self": 97.36182809990464
                                                        },
                                                        "communicator.exchange": {
                                                            "total": 3451.8951482000552,
                                                            "count": 482853,
                                                            "is_parallel": true,