{
    "name": "root",
    "metadata": {
        "timer_format_version": "0.1.0",
        "start_time_seconds": "1613766492",
        "python_version": "3.7.9 (default, Aug 31 2020, 17:10:11) [MSC v.1916 64 bit (AMD64)]",
        "command_line_arguments": "C:\\Users\\frann\\anaconda3\\envs\\mlagents_training\\Scripts\\mlagents-learn ./Assets/TrainerConfig/trainer_config_bo.yaml",
        "mlagents_version": "0.23.0",
        "mlagents_envs_version": "0.23.0",
        "communication_protocol_version": "1.3.0",
        "pytorch_version": "1.7.1",
        "numpy_version": "1.18.5",
        "end_time_seconds": "1613766504"
    },
    "total": 11.4381916,
    "count": 1,
    "self": 0.016016900000000334,
    "children": {
        "run_training.setup": {
            "total": 0.014988999999999919,
            "count": 1,
            "self": 0.014988999999999919
        },
        "TrainerController.start_learning": {
            "total": 11.4071857,
            "count": 1,
            "self": 0.015119099999985508,
            "children": {
                "TrainerController._reset_env": {
                    "total": 5.9842354,
                    "count": 1,
                    "self": 5.9842354
                },
                "TrainerController.advance": {
                    "total": 5.125787100000013,
                    "count": 162,
                    "self": 0.005799600000004901,
                    "children": {
                        "env_step": {
                            "total": 5.119987500000008,
                            "count": 162,
                            "self": 4.781047300000019,
                            "children": {
                                "SubprocessEnvManager._take_step": {
                                    "total": 0.33348239999998874,
                                    "count": 162,
                                    "self": 0.019348099999987767,
                                    "children": {
                                        "TorchPolicy.evaluate": {
                                            "total": 0.314134300000001,
                                            "count": 107,
                                            "self": 0.05289459999999302,
                                            "children": {
                                                "TorchPolicy.sample_actions": {
                                                    "total": 0.26123970000000796,
                                                    "count": 107,
                                                    "self": 0.26123970000000796
                                                }
                                            }
                                        }
                                    }
                                },
                                "workers": {
                                    "total": 0.00545780000000029,
                                    "count": 161,
                                    "self": 0.0,
                                    "children": {
                                        "worker_root": {
                                            "total": 5.217433199999986,
                                            "count": 161,
                                            "is_parallel": true,
                                            "self": 1.0139726999999823,
                                            "children": {
                                                "steps_from_proto": {
                                                    "total": 0.0013323999999999003,
                                                    "count": 1,
                                                    "is_parallel": true,
                                                    "self": 0.0001581000000001609,
                                                    "children": {
                                                        "_process_vector_observation": {
                                                            "total": 0.0011742999999997394,
                                                            "count": 2,
                                                            "is_parallel": true,
                                                            "self": 0.0011742999999997394
                                                        }
                                                    }
                                                },
                                                "UnityEnvironment.step": {
                                                    "total": 4.202128100000004,
                                                    "count": 161,
                                                    "is_parallel": true,
                                                    "self": 0.050944200000004436,
                                                    "children": {
                                                        "UnityEnvironment._generate_step_input": {
                                                            "total": 0.10727140000000723,
                                                            "count": 161,
                                                            "is_parallel": true,
                                                            "self": 0.10727140000000723
                                                        },
                                                        "communicator.exchange": {
                                                            "total": 3.9234868000000036,
                                                            "count": 161,
                                                            "is_parallel": true,
                                                            "self": 3.9234868000000036
                                                        },
                                                        "steps_from_proto": {
                                                            "total": 0.12042569999998864,
                                                            "count": 161,
                                                            "is_parallel": true,
                                                            "self": 0.04270829999999304,
                                                            "children": {
                                                                "_process_vector_observation": {
                                                                    "total": 0.0777173999999956,
                                                                    "count": 322,
                                                                    "is_parallel": true,
                                                                    "self": 0.0777173999999956
                                                                }
                                                            }
                                                        }
                                                    }
                                                }
                                            }
                                        }
                                    }
                                }
                            }
                        }
                    }
                },
                "trainer_threads": {
                    "total": 9.320000000023754e-05,
                    "count": 1,
                    "self": 9.320000000023754e-05,
                    "children": {
                        "thread_root": {
                            "total": 0.0,
                            "count": 0,
                            "is_parallel": true,
                            "self": 0.0,
                            "children": {
                                "trainer_advance": {
                                    "total": 5.1261382000000015,