{
    "name": "root",
    "metadata": {
        "timer_format_version": "0.1.0",
        "start_time_seconds": "1612227709",
        "python_version": "3.8.5 (default, Sep  3 2020, 21:29:08) [MSC v.1916 64 bit (AMD64)]",
        "command_line_arguments": "C:\\Users\\frann\\anaconda3\\envs\\mlagent_jc_test_1\\Scripts\\mlagents-learn ./Assets/TrainerConfig/trainer_config_bo.yaml",
        "mlagents_version": "0.23.0",
        "mlagents_envs_version": "0.23.0",
        "communication_protocol_version": "1.3.0",
        "pytorch_version": "1.7.1",
        "numpy_version": "1.18.5",
        "end_time_seconds": "1612227750"
    },
    "total": 41.0200484,
    "count": 1,
    "self": 0.009968699999994612,
    "children": {
        "run_training.setup": {
            "total": 0.012211799999999995,
            "count": 1,
            "self": 0.012211799999999995
        },
        "TrainerController.start_learning": {
            "total": 40.9978679,
            "count": 1,
            "self": 0.0035161000000130116,
            "children": {
                "TrainerController._reset_env": {
                    "total": 5.9354379,
                    "count": 1,
                    "self": 5.9354379
                },
                "TrainerController.advance": {
                    "total": 34.8898396,
                    "count": 7,
                    "self": 0.0001125000000001819,
                    "children": {
                        "env_step": {
                            "total": 34.8897271,
                            "count": 7,
                            "self": 34.8539723,
                            "children": {
                                "SubprocessEnvManager._take_step": {
                                    "total": 0.03565490000000171,
                                    "count": 7,
                                    "self": 0.00045940000000133097,
                                    "children": {
                                        "TorchPolicy.evaluate": {
                                            "total": 0.03519550000000038,
                                            "count": 7,
                                            "self": 0.004302400000000262,
                                            "children": {
                                                "TorchPolicy.sample_actions": {
                                                    "total": 0.030893100000000118,
                                                    "count": 7,
                                                    "self": 0.030893100000000118
                                                }
                                            }
                                        }
                                    }
                                },
                                "workers": {
                                    "total": 9.990000000037469e-05,
                                    "count": 6,
                                    "self": 0.0,
                                    "children": {
                                        "worker_root": {
                                            "total": 0.2649409999999994,
                                            "count": 6,
                                            "is_parallel": true,
                                            "self": 0.13984739999999718,
                                            "children": {
                                                "steps_from_proto": {
                                                    "total": 0.0011006000000000071,
                                                    "count": 1,
                                                    "is_parallel": true,
                                                    "self": 0.00011179999999999524,
                                                    "children": {
                                                        "_process_vector_observation": {
                                                            "total": 0.000988800000000012,
                                                            "count": 2,
                                                            "is_parallel": true,
                                                            "self": 0.000988800000000012
                                                        }
                                                    }
                                                },
                                                "UnityEnvironment.step": {
                                                    "total": 0.12399300000000224,
                                                    "count": 6,
                                                    "is_parallel": true,
                                                    "self": 0.0004787999999997794,
                                                    "children": {
                                                        "UnityEnvironment._generate_step_input": {
                                                            "total": 0.0009182000000000912,
                                                            "count": 6,
                                                            "is_parallel": true,
                                                            "self": 0.0009182000000000912
                                                        },
                                                        "communicator.exchange": {
                                                            "total": 0.12123400000000206,
                                                            "count": 6,
                                                            "is_parallel": true,
                                                            "self": 0.12123400000000206
                                                        },
                                                        "steps_from_proto": {
                                                            "total": 0.0013620000000003074,
                                                            "count": 6,
                                                            "is_parallel": true,
                                                            "self": 0.0005899000000004762,
                                                            "children": {
                                                                "_process_vector_observation": {
                                                                    "total": 0.0007720999999998313,
                                                                    "count": 12,
                                                                    "is_parallel": true,
                                                                    "self": 0.0007720999999998313
                                                                }
                                                            }
                                                        }
                                                    }
                                                }
                                            }
                                        }
                                    }
                                }
                            }
                        }
                    }
                },
                "trainer_threads": {
                    "total": 1.659999999503725e-05,
                    "count": 1,
                    "self": 1.659999999503725e-05,
                    "children": {
                        "thread_root": {
                            "total": 0.0,
                            "count": 0,
                            "is_parallel": true,
                            "self": 0.0,
                            "children": {
                                "trainer_advance": {
                                    "total": 34.84099569999991,